<?xml version="1.0" encoding="UTF-8"?>
<configuration>
  <!--<include resource="org/springframework/boot/logging/logback/base.xml"/>-->
  <property name="LOG_PATH" value="logs"/>

  <appender name="STDOUT" class="ch.qos.logback.core.ConsoleAppender">
    <encoder>
      <pattern>
        %d{dd-MM-yyyy HH:mm:ss.SSS} %magenta([%thread]) %highlight(%-5level) %logger.%M - %msg%n
      </pattern>
    </encoder>
  </appender>

  <appender name="SAVE-TO-FILE"
            class="ch.qos.logback.core.rolling.RollingFileAppender">
    <file>${LOG_PATH}/InventorySystemLog.log</file>
    <encoder class="ch.qos.logback.classic.encoder.PatternLayoutEncoder">
      <Pattern>
        %d{dd-MM-yyyy HH:mm:ss.SSS} [%thread] %-5level %logger{36}.%M - %msg%n
      </Pattern>
    </encoder>

    <!-- Comment out rolling policies to test how the remaining one works -->

    <rollingPolicy class="ch.qos.logback.core.rolling.TimeBasedRollingPolicy">
      <!-- rollover daily -->
      <fileNamePattern>
        ${LOG_PATH}/archived/InventorySystemLog.%d{dd-MM-yyyy}.log
      </fileNamePattern>
      <maxHistory>10</maxHistory>
      <totalSizeCap>2GB</totalSizeCap>
    </rollingPolicy>

  </appender>

  <!--<root level="debug">-->
  <root level="INFO">
    <appender-ref ref="STDOUT"/>
    <appender-ref ref="SAVE-TO-FILE"/>
  </root>

</configuration>